Secondary Traumatic Stress Scale (STSS),Number of Participants,Average Functional Impairment ,Average Secondary Traumatic Score
,26,12.368421053,
High STS,14,11.846153846,46.142857143
Mild STS,46,12.780487805,32.608695652
Severe STS,26,12.476190476,55.076923077
Little or No STS,68,13.015873016,21.558823529
Moderate STS,21,13.277777778,40.095238095
